{"Accels": [1.0159246006758258, 1.0120969796931973, 1.0002106188531346], "AccelBias": [0.1921302848309369, -0.10994759334503972, 0.43922341715353125], "GyroBias": [-0.006801817211556448, 0.018163035780272105, -0.01543059080804935], "Mags": [1.5247330960854092, 1.1583629893238434, 1.1569039145907472], "MagBias": [8.32161172161172, 42.536752136752135, -30.56336996336996]}